box,idx,lo,hi,width,wall,attempt,positions,covered,mr,composite,primes,rung,direct,sieved,survivors,certs,cert_sha256,binary_commit,finished
cloud-gpu-2,0,10000000000000000000,10040222590786283881,40222590786283881,3435,1,45461273792259,45459047254974,2226537285,1888770976,337766309,337766309,0,0,0,337766309,de2384566070789815bf67e067fa057f6415d42532916a9da4834f8ccf4794c8,115d127,2026-08-22 00:25:52
cloud-gpu-2,1,10040222590786283881,10080445181572567762,40222590786283881,3418,1,45461273792264,45459047262869,2226529395,1888781907,337747488,337747488,0,0,0,337747488,1660a1103d67bd9a0dd30499bd6ac2c06397515d4fd04c4a8685dddffc52580c,115d127,2026-08-22 01:25:41
cloud-gpu-2,2,10080445181572567762,10120667772358851643,40222590786283881,3361,1,45461273792260,45459047162203,2226630057,1888909951,337720106,337720106,0,0,0,337720106,3301bd2d5ff333690167535d8e964251bd938e582e5dd5bd486f9536a479a3ed,115d127,2026-08-22 02:24:33
cloud-gpu-2,3,10120667772358851643,10160890363145135524,40222590786283881,3347,1,45461273792255,45459047162786,2226629469,1888976758,337652711,337652711,0,0,0,337652711,20b73db8ea131e70c190f4c50da578ddc5b67f3871eb2e7319e83bab2c871a12,115d127,2026-08-22 03:23:11
cloud-gpu-2,4,10160890363145135524,10201112953931419405,40222590786283881,3362,1,45461273792259,45459047216382,2226575877,1888904783,337671094,337671094,0,0,0,337671094,de55a8b2e0619521302f743e0c367decc2e45f233ae1ee698cdcb44269fc82d5,115d127,2026-08-22 04:22:04
cloud-gpu-2,5,10201112953931419405,10241335544717703286,40222590786283881,3377,1,45461273792247,45459047166890,2226625357,1888994396,337630961,337630961,0,0,0,337630961,f473acdcd0501339a1222b305ebc695b47e1381cc35a84510161ceabb8b2dfc2,115d127,2026-08-22 05:21:12
cloud-gpu-2,6,10241335544717703286,10281558135503987167,40222590786283881,3355,1,45461273792274,45459047203764,2226588510,1889009177,337579333,337579333,0,0,0,337579333,7cefb011157cdca8ec022036253ff52024005fe3742d48bb69373e6f54bff3e3,115d127,2026-08-22 06:19:57
cloud-gpu-2,7,10281558135503987167,10321780726290271048,40222590786283881,3305,1,45461273792252,45459047240779,2226551473,1889009762,337541711,337541711,0,0,0,337541711,165194f053056181c929d4176b27c5a0780a24a8db75555299517426f13b88e1,115d127,2026-08-22 07:17:53
cloud-gpu-2,8,10321780726290271048,10362003317076554929,40222590786283881,3261,1,45461273792259,45459047122196,2226670063,1889141771,337528292,337528292,0,0,0,337528292,fd0941f47641ff0968d5d625e879bfd3a6e4f5b35e1f60fdd23775642e5809bd,115d127,2026-08-22 08:15:05
cloud-gpu-2,9,10362003317076554929,10402225907862838810,40222590786283881,3281,1,45461273792253,45459047196413,2226595840,1889118188,337477652,337477652,0,0,0,337477652,cab2c1430226aa0df4366b997e4d87581e4cfc9df104c69efb43508e773f0304,115d127,2026-08-22 09:12:37
cloud-gpu-2,10,10402225907862838810,10442448498649122691,40222590786283881,3271,1,45461273792266,45459047147982,2226644284,1889166478,337477806,337477806,0,0,0,337477806,ae8487f80527d2557c9111feef11bbb6f721b8fd2ee51731f6968b741cb9ca13,115d127,2026-08-22 10:09:59
cloud-gpu-2,11,10442448498649122691,10482671089435406572,40222590786283881,3235,1,45461273792256,45459047201240,2226591016,1889171102,337419914,337419914,0,0,0,337419914,1e416ef46578a30fa3dda662bc387d51cfe9f197f989fc27b53c6e2a5343eb28,115d127,2026-08-22 11:06:44
cloud-gpu-2,12,10482671089435406572,10522893680221690453,40222590786283881,3182,1,45461273792261,45459047188842,2226603419,1889232692,337370727,337370727,0,0,0,337370727,939b31390d1d67f496ebf0b5de202310a356f776fe5a09a90a8a5dfa251bb92f,115d127,2026-08-22 12:02:38
cloud-gpu-2,13,10522893680221690453,10563116271007974334,40222590786283881,3078,1,45461273792256,45459047204479,2226587777,1889201626,337386151,337386151,0,0,0,337386151,04369445a4bd8f214ac4fec76ace3b5a34faf23eaa958efcbc3570d2201e3b1c,115d127,2026-08-22 12:56:47
cloud-gpu-2,14,10563116271007974334,10603338861794258215,40222590786283881,3171,1,45461273792254,45459047245450,2226546804,1889186677,337360127,337360127,0,0,0,337360127,7ad8aa84fcb99032cb084e5e6eada74557d79dc1053b7c8932f72af29b2f5037,115d127,2026-08-22 13:52:30
cloud-gpu-2,15,10603338861794258215,10643561452580542096,40222590786283881,3225,1,45461273792265,45459047140045,2226652220,1889327611,337324609,337324609,0,0,0,337324609,b072680cf1e1125cdbfc3d3dfbc41589928df5e0d15ecb04a454e9b2ff91c73b,115d127,2026-08-22 14:49:06
cloud-gpu-2,16,10643561452580542096,10683784043366825977,40222590786283881,3268,1,45461273792257,45459047245291,2226546966,1889264681,337282285,337282285,0,0,0,337282285,9723c6fabe9a6f5b59257e3c9b188c9cbd7c24ebe657b0539ee4eb08b482e827,115d127,2026-08-22 15:46:26
cloud-gpu-2,17,10683784043366825977,10724006634153109858,40222590786283881,3283,1,45461273792258,45459047225814,2226566444,1889313000,337253444,337253444,0,0,0,337253444,eec97d66a584686fec511d005f105e6e8265a7cdee35a9dd673265a859affb09,115d127,2026-08-22 16:44:01
cloud-gpu-2,18,10724006634153109858,10764229224939393739,40222590786283881,3266,1,45461273792250,45459047281099,2226511151,1889307822,337203329,337203329,0,0,0,337203329,b079785a607e0ac06e8efd4ad0013188453df885c1c29fa3ad918ddeecc31664,115d127,2026-08-22 17:41:18
cloud-gpu-2,19,10764229224939393739,10804451815725677620,40222590786283881,3297,1,45461273792269,45459047200654,2226591615,1889398392,337193223,337193223,0,0,0,337193223,c09533b7311b8c8f3ea1dfcf03fd22d7f524b4e708d988d65e5aeb94ab568c44,115d127,2026-08-22 18:39:05
cloud-gpu-2,20,10804451815725677620,10844674406511961501,40222590786283881,3363,1,45461273792258,45459047140398,2226651860,1889485235,337166625,337166625,0,0,0,337166625,f3c6068d848e380b8afe10acce88377acea7fb8e868b7cee6843abc8d3c24fcb,115d127,2026-08-22 19:38:00
cloud-gpu-2,21,10844674406511961501,10884896997298245382,40222590786283881,3389,1,45461273792257,45459047269033,2226523224,1889398665,337124559,337124559,0,0,0,337124559,72b1fe0e4f9892ee3f2e608bffd88477a38b5c60cead5c6545e4ba0296ef12fa,115d127,2026-08-22 20:37:20
cloud-gpu-2,22,10884896997298245382,10925119588084529263,40222590786283881,3387,1,45461273792253,45459047139883,2226652370,1889518705,337133665,337133665,0,0,0,337133665,b65613923b8ed26bbea67f36b2f8f440d17a9eb7018b3ab90c6d4f6a31c60739,115d127,2026-08-22 21:36:38
cloud-gpu-2,23,10925119588084529263,10965342178870813144,40222590786283881,3362,1,45461273792255,45459047212150,2226580105,1889500456,337079649,337079649,0,0,0,337079649,c3d68c309ea5600e2d952c6c08b7963a74dc2aeea8bc24994a82ffc44e84e148,115d127,2026-08-22 22:35:31
cloud-gpu-2,24,10965342178870813144,11005564769657097025,40222590786283881,3382,1,45461273792268,45459047204727,2226587541,1889531468,337056073,337056073,0,0,0,337056073,595ab12ad81da5eb45b5d5888f21864d538517160a10f9bf4deaaf7d1b063a9d,115d127,2026-08-22 23:34:44
cloud-gpu-2,25,11005564769657097025,11045787360443380906,40222590786283881,3388,1,45461273792258,45459047279563,2226512695,1889494951,337017744,337017744,0,0,0,337017744,29e2a409bfe820140a9772de5269218144f72737692c241c1b9eeb9b7a8c8168,115d127,2026-08-23 00:34:03
cloud-gpu-2,26,11045787360443380906,11086009951229664787,40222590786283881,3448,1,45461273792256,45459047212701,2226579555,1889562278,337017277,337017277,0,0,0,337017277,e282ad15344b145988b56b861544c8b928f96838b0c217469f47a3ffd0b43e15,115d127,2026-08-23 01:34:22
cloud-gpu-2,27,11086009951229664787,11126232542015948668,40222590786283881,3480,1,45461273792253,45459047266796,2226525457,1889560928,336964529,336964529,0,0,0,336964529,7d3f232620f757612f7d36cdd7281a0e40bd15545f400125a33d19bf91573c96,115d127,2026-08-23 02:35:13
cloud-gpu-2,28,11126232542015948668,11166455132802232549,40222590786283881,3456,1,45461273792264,45459047305711,2226486553,1889542165,336944388,336944388,0,0,0,336944388,27d6a905f2a31703d9f4cea8f6df0562877168521e300275feba5a7aa4d83f83,115d127,2026-08-23 03:35:40
cloud-gpu-2,29,11166455132802232549,11206677723588516430,40222590786283881,3443,1,45461273792260,45459047319854,2226472406,1889534122,336938284,336938284,0,0,0,336938284,186c98c04bedbf6781ed2aff6a580cffd2b64fd0f18cb8cb2c70f22d1a44fe58,115d127,2026-08-23 04:35:55
cloud-gpu-2,30,11206677723588516430,11246900314374800311,40222590786283881,3431,1,45461273792258,45459047230933,2226561325,1889666677,336894648,336894648,0,0,0,336894648,488a8d4563d8e4c91eb41e1e1c36ec548f897dc54814fdc4337345270098927c,115d127,2026-08-23 05:35:56
cloud-gpu-2,31,11246900314374800311,11287122905161084192,40222590786283881,3429,1,45461273792254,45459047177475,2226614779,1889735410,336879369,336879369,0,0,0,336879369,a8cf4a294106f358315340407123eb9f93fdf3d348d28b10327b27ba2cbedad1,115d127,2026-08-23 06:35:55
cloud-gpu-2,32,11287122905161084192,11327345495947368073,40222590786283881,3451,1,45461273792253,45459047196224,2226596029,1889741038,336854991,336854991,0,0,0,336854991,83a3a98315ffed136b2570a5141a1859a929d42a7aa706eb7509dcd4c3ae2232,115d127,2026-08-23 07:36:16
cloud-gpu-2,33,11327345495947368073,11367568086733651954,40222590786283881,3484,1,45461273792270,45459047271974,2226520296,1889713870,336806426,336806426,0,0,0,336806426,f970a273cfb3be609ca725c7f6385cd2bb3ca83a0953d14b2778f9c52dac4940,115d127,2026-08-23 08:37:11
cloud-gpu-2,34,11367568086733651954,11407790677519935835,40222590786283881,3459,1,45461273792255,45459047292414,2226499841,1889729826,336770015,336770015,0,0,0,336770015,f8b224342d295b220ce7af0cc13a5b58ccc3ee9fa71817b15ca268a39bf1111a,115d127,2026-08-23 09:37:40
cloud-gpu-2,35,11407790677519935835,11448013268306219716,40222590786283881,3436,1,45461273792259,45459047306065,2226486194,1889727162,336759032,336759032,0,0,0,336759032,3f03c62a5a0972d395780e3ecabe83400cd8ec47a50d5ea024b973dcff9d857a,115d127,2026-08-23 10:37:47
cloud-gpu-2,36,11448013268306219716,11488235859092503597,40222590786283881,3444,1,45461273792254,45459047258289,2226533965,1889784290,336749675,336749675,0,0,0,336749675,74f8cdbb9ef6182072d4144c3a68a41cc41713728da02210f7768b6b32cd7e62,115d127,2026-08-23 11:38:02
cloud-gpu-2,37,11488235859092503597,11528458449878787478,40222590786283881,3451,1,45461273792264,45459047280284,2226511980,1889839673,336672307,336672307,0,0,0,336672307,715aad7d8cd09e0ed2e27b7aa9e9fc33a0f525f303bc8050c1705686685760b0,115d127,2026-08-23 12:38:24
cloud-gpu-2,38,11528458449878787478,11568681040665071359,40222590786283881,3472,1,45461273792257,45459047210883,2226581374,1889898396,336682978,336682978,0,0,0,336682978,ddb763b935b99d28c107bba7bf863d50767098ee5b1ea4cfdfa997d078aa1d36,115d127,2026-08-23 13:39:07
cloud-gpu-2,39,11568681040665071359,11608903631451355240,40222590786283881,3494,1,45461273792256,45459047283638,2226508618,1889865335,336643283,336643283,0,0,0,336643283,fdf0addc70530d09cc50c59ccaf24ba658f7d22efa1c6c2bbbedfb2c0378454a,115d127,2026-08-23 14:40:11
cloud-gpu-2,40,11608903631451355240,11649126222237639121,40222590786283881,3508,1,45461273792256,45459047314384,2226477872,1889880495,336597377,336597377,0,0,0,336597377,0f70d9301c9b41983fbffa40cc6d28a69a52573f73af4a64719fdfc524eb3a39,115d127,2026-08-23 15:41:28
cloud-gpu-2,41,11649126222237639121,11689348813023923002,40222590786283881,3454,1,45461273792260,45459047245313,2226546947,1889957692,336589255,336589255,0,0,0,336589255,42b5200a05d70d56f2e04e7093cbd43f2c5d86dbcba5d8c85a7d44806ca1ff0e,115d127,2026-08-23 16:41:52
cloud-gpu-2,42,11689348813023923002,11729571403810206883,40222590786283881,3433,1,45461273792266,45459047279191,2226513075,1889961228,336551847,336551847,0,0,0,336551847,907b6e344bce98ad990566dcf888c13a96405e2628a89d5e8bb9a0c49311f432,115d127,2026-08-23 17:41:56
cloud-gpu-2,43,11729571403810206883,11769793994596490764,40222590786283881,3421,1,45461273792256,45459047271407,2226520849,1889967930,336552919,336552919,0,0,0,336552919,6567b54e666bf1f27b0828201e861c23c352ddf2491414e2213ee13b5cc77617,115d127,2026-08-23 18:41:47
cloud-gpu-2,44,11769793994596490764,11810016585382774645,40222590786283881,3417,1,45461273792254,45459047295896,2226496358,1889998227,336498131,336498131,0,0,0,336498131,f426ab4baba724bdb4cbe599305df48e708347b63c5ba0539dba1b19af595cb9,115d127,2026-08-23 19:41:33
cloud-gpu-2,45,11810016585382774645,11850239176169058526,40222590786283881,3440,1,45461273792257,45459047298147,2226494110,1890031409,336462701,336462701,0,0,0,336462701,b553c6f9c7c5d1cbbeca1254a7499a2576658b92da0b0589ee5a1e375c28368d,115d127,2026-08-23 20:41:44
cloud-gpu-2,46,11850239176169058526,11890461766955342407,40222590786283881,3447,1,45461273792264,45459047295257,2226497007,1890030670,336466337,336466337,0,0,0,336466337,8f2761c36e4950fc21989fc4b4efc6ee3287633c13d2df142b72af2e6149751e,115d127,2026-08-23 21:42:00
cloud-gpu-2,47,11890461766955342407,11930684357741626288,40222590786283881,3442,1,45461273792257,45459047274766,2226517491,1890076739,336440752,336440752,0,0,0,336440752,5b9c87fd93f0124aed40bac748fcc49f7bb904fb35b0215dbbb79baeb8729ad3,115d127,2026-08-23 22:42:13
cloud-gpu-2,48,11930684357741626288,11970906948527910169,40222590786283881,3412,1,45461273792258,45459047289049,2226503209,1890114420,336388789,336388789,0,0,0,336388789,76655effe8d7ba8487ec10fcf66fe3e1f672ab5418fca384cff14e38f982d4e9,115d127,2026-08-23 23:41:55
cloud-gpu-2,49,11970906948527910169,12011129539314194050,40222590786283881,3361,1,45461273792249,45459047233439,2226558810,1890184496,336374314,336374314,0,0,0,336374314,b0f5f55a9f3bbf57e59148900e1ae211345948e195351c12f0453a035b0ecfa9,115d127,2026-08-24 00:40:46
cloud-gpu-2,50,12011129539314194050,12051352130100477931,40222590786283881,3345,1,45461273792264,45459047282291,2226509973,1890146345,336363628,336363628,0,0,0,336363628,bb288c754a1de1e425f4761e7a5759616150d308e1c1f4c47e7298762590ed84,115d127,2026-08-24 01:39:21
cloud-gpu-2,51,12051352130100477931,12091574720886761812,40222590786283881,3364,1,45461273792265,45459047192201,2226600064,1890268257,336331807,336331807,0,0,0,336331807,6b1e505085333db1de5428644c45fe496874d4d4bf9842d35f2b0554b315b440,115d127,2026-08-24 02:38:15
cloud-gpu-2,52,12091574720886761812,12131797311673045693,40222590786283881,3346,1,45461273792256,45459047290091,2226502165,1890202745,336299420,336299420,0,0,0,336299420,35fb5d33fe18f64b3297562cff55612d5b4ed3cf3e267c44bebb884651ac79e0,115d127,2026-08-24 03:36:51
cloud-gpu-2,53,12131797311673045693,12172019902459329574,40222590786283881,3333,1,45461273792257,45459047294987,2226497270,1890218843,336278427,336278427,0,0,0,336278427,c367935d080c96950d336e42cb2683b2e2f1726767445bd82a4bb565da2e90d5,115d127,2026-08-24 04:35:14
cloud-gpu-2,54,12172019902459329574,12212242493245613455,40222590786283881,3298,1,45461273792253,45459047220319,2226571934,1890295615,336276319,336276319,0,0,0,336276319,165e4cf3e480c870d6a22aea2647854404679a8b18ab18b02480b8fa6fdfcaf0,115d127,2026-08-24 05:33:01
cloud-gpu-2,55,12212242493245613455,12252465084031897336,40222590786283881,3265,1,45461273792265,45459047259552,2226532713,1890304783,336227930,336227930,0,0,0,336227930,476be3fecbee40ca0bf901b6090d55e2f8ff3d6f1ed159d663cafce626f0bf45,115d127,2026-08-24 06:30:16
cloud-gpu-2,56,12252465084031897336,12292687674818181217,40222590786283881,3178,1,45461273792256,45459047327692,2226464564,1890274435,336190129,336190129,0,0,0,336190129,43ff2cbae14d733f72a0156a8e74c9f08f967f08140c38f437aad817e34a17c1,115d127,2026-08-24 07:26:04
cloud-gpu-2,57,12292687674818181217,12332910265604465098,40222590786283881,3121,1,45461273792260,45459047330205,2226462055,1890289773,336172282,336172282,0,0,0,336172282,b6d51d0c0f35c847b2bd6935a1eca4030e309f993ccf59a9c4c4a5baa7028b66,115d127,2026-08-24 08:20:54
cloud-gpu-2,58,12332910265604465098,12373132856390748979,40222590786283881,3219,1,45461273792245,45459047228947,2226563298,1890425348,336137950,336137950,0,0,0,336137950,8d6245a3cb197e07413872d66bbb8c155a6a48939efa7b8b039beecfd655fd91,115d127,2026-08-24 09:17:23
cloud-gpu-2,59,12373132856390748979,12413355447177032860,40222590786283881,3272,1,45461273792268,45459047320567,2226471701,1890366564,336105137,336105137,0,0,0,336105137,cea135d6a38093fdee6ddcf23887abfe1660b2b2093109874a3c08bc11d0df83,115d127,2026-08-24 10:14:45
cloud-gpu-2,60,12413355447177032860,12453578037963316741,40222590786283881,3300,1,45461273792264,45459047215292,2226576972,1890462642,336114330,336114330,0,0,0,336114330,4bb0f55029788fc18c028f2428a87ae20cad0d15ea2ac0f2c406a38b451cb647,115d127,2026-08-24 11:12:35
cloud-gpu-2,61,12453578037963316741,12493800628749600622,40222590786283881,3328,1,45461273792257,45459047308559,2226483698,1890382074,336101624,336101624,0,0,0,336101624,7fa9d3a9c7d11963e5150a88f528417e05b52a80a3310d309fbda344a4be2e17,115d127,2026-08-24 12:10:53
cloud-gpu-2,62,12493800628749600622,12534023219535884503,40222590786283881,3332,1,45461273792255,45459047312756,2226479499,1890435236,336044263,336044263,0,0,0,336044263,0ee101c755dc145aba9935532a82c020575113bea9b96d3a3f650dfcbbb505ff,115d127,2026-08-24 13:09:15
cloud-gpu-2,63,12534023219535884503,12574245810322168384,40222590786283881,3323,1,45461273792257,45459047257346,2226534911,1890532504,336002407,336002407,0,0,0,336002407,acba54665c3890b6db54c667d2bec8b88eab02e12c1b744082a5aaa533e38377,115d127,2026-08-24 14:07:28
cloud-gpu-2,64,12574245810322168384,12614468401108452265,40222590786283881,3313,1,45461273792265,45459047276641,2226515624,1890488260,336027364,336027364,0,0,0,336027364,3f5bcaadcf685c2ccf36011a46612d94c825366c49ea9a42301f0720f4674b65,115d127,2026-08-24 15:05:31
cloud-gpu-2,65,12614468401108452265,12654690991894736146,40222590786283881,3355,1,45461273792253,45459047201360,2226590893,1890635254,335955639,335955639,0,0,0,335955639,4f1d130da847b26c9b811167c5e00ce33ec0474007d21bdc14ac6d710d8f139e,115d127,2026-08-24 16:04:16
cloud-gpu-2,66,12654690991894736146,12694913582681020027,40222590786283881,3418,1,45461273792261,45459047333527,2226458734,1890500371,335958363,335958363,0,0,0,335958363,b8793730f9e57d06972f82964e64a84a986a0c24991db4bbf6172f2d482cf362,115d127,2026-08-24 17:04:04
cloud-gpu-2,67,12694913582681020027,12735136173467303908,40222590786283881,3447,1,45461273792241,45459047336436,2226455805,1890522686,335933119,335933119,0,0,0,335933119,334c95b1fc59d3304bdee97c0e4964fd75f057d02e1153cd69654c138fdb60bc,115d127,2026-08-24 18:04:20
cloud-gpu-2,68,12735136173467303908,12775358764253587789,40222590786283881,3457,1,45461273792275,45459047277859,2226514416,1890616948,335897468,335897468,0,0,0,335897468,5a6f441b0495561f89ec8e6d3e55d9e80dc222da1ee99460276cbdfea36112e2,115d127,2026-08-24 19:04:48
cloud-gpu-2,69,12775358764253587789,12815581355039871658,40222590786283869,3452,1,45461273792260,45459047300418,2226491842,1890609281,335882561,335882561,0,0,0,335882561,c15355d53a0e49db2612efc95a7a421ae5b78d7625a3a8348f87e3fa8c644af1,115d127,2026-08-24 20:05:10
cloud-gpu-3,0,12815581355039871658,12855803945826155539,40222590786283881,3446,1,45461273792258,45459047270442,2226521816,1890687772,335834044,335834044,0,0,0,335834044,5c94b6dd6cd464e012b32154d53a1059b3147bdad73fbfb2d8ad3a59d3ea0594,115d127,2026-08-22 00:26:02
cloud-gpu-3,1,12855803945826155539,12896026536612439420,40222590786283881,3434,1,45461273792254,45459047287706,2226504548,1890658300,335846248,335846248,0,0,0,335846248,07b9f5703e27d4db1998a7ad426cbb2aba803e12f8bef67d662fb66624157b56,115d127,2026-08-22 01:26:05
cloud-gpu-3,2,12896026536612439420,12936249127398723301,40222590786283881,3443,1,45461273792259,45459047306098,2226486161,1890690790,335795371,335795371,0,0,0,335795371,80979d1cd9bd912f0c6a6649a20ce0de89d948e1e3f3a6d201e25a888089727f,115d127,2026-08-22 02:26:19
cloud-gpu-3,3,12936249127398723301,12976471718185007182,40222590786283881,3455,1,45461273792262,45459047241981,2226550281,1890740900,335809381,335809381,0,0,0,335809381,408395b19cec5f292f46f8396cbe7a57bdcd02a11fbcd062e3863571cfcc5721,115d127,2026-08-22 03:26:43
cloud-gpu-3,4,12976471718185007182,13016694308971291063,40222590786283881,3479,1,45461273792259,45459047282424,2226509835,1890747621,335762214,335762214,0,0,0,335762214,31432c0eaf9fdbce58c26ad6f1c815d2f5a00a58998662d62396bbca391dcb5d,115d127,2026-08-22 04:27:32
cloud-gpu-3,5,13016694308971291063,13056916899757574944,40222590786283881,3549,1,45461273792256,45459047257484,2226534772,1890775963,335758809,335758809,0,0,0,335758809,2491769911779b26b6103aadbb68c72cbf893925be62e7710ab3b0a7ed6e3504,115d127,2026-08-22 05:29:30
cloud-gpu-3,6,13056916899757574944,13097139490543858825,40222590786283881,3549,1,45461273792243,45459047313271,2226478972,1890768028,335710944,335710944,0,0,0,335710944,37ae02a6c93a8d03a99ad418c3cf7a1cd8897de13ae07f5782a1660e3acd5d29,115d127,2026-08-22 06:31:28
cloud-gpu-3,7,13097139490543858825,13137362081330142706,40222590786283881,3529,1,45461273792272,45459047325722,2226466550,1890773172,335693378,335693378,0,0,0,335693378,ccb966262d0df324c5ce5317fcd091603c03c801418f6bb83909b3c5a2fe6e07,115d127,2026-08-22 07:33:06
cloud-gpu-3,8,13137362081330142706,13177584672116426587,40222590786283881,3533,1,45461273792264,45459047284168,2226508096,1890817965,335690131,335690131,0,0,0,335690131,8cabaed32e04458c32307494663b2e1391bbe41d6b46d4d8df86ad1a25726e92,115d127,2026-08-22 08:34:49
cloud-gpu-3,9,13177584672116426587,13217807262902710468,40222590786283881,3520,1,45461273792256,45459047283102,2226509154,1890842482,335666672,335666672,0,0,0,335666672,6079ef6c74b620d9c3f60b0aed5a95b9c009c0322a2b36a8789d8cbfc9254d4e,115d127,2026-08-22 09:36:18
cloud-gpu-3,10,13217807262902710468,13258029853688994349,40222590786283881,3511,1,45461273792253,45459047245097,2226547156,1890925916,335621240,335621240,0,0,0,335621240,72bf0fb1197c25284733edcd46f87c9a23c7622b8eb81ebbb654ca929918a785,115d127,2026-08-22 10:37:39
cloud-gpu-3,11,13258029853688994349,13298252444475278230,40222590786283881,3517,1,45461273792254,45459047334703,2226457551,1890836085,335621466,335621466,0,0,0,335621466,caa7e46410e4e80e2887ff7303ee48a7285554f8274b25ee5e4929a0f9b61f0b,115d127,2026-08-22 11:39:05
cloud-gpu-3,12,13298252444475278230,13338475035261562111,40222590786283881,3516,1,45461273792265,45459047282171,2226510094,1890933217,335576877,335576877,0,0,0,335576877,197a81501d7ba6f8df183e69a6c48eaccbfc6440e64c479befc3a1850e0e2c34,115d127,2026-08-22 12:40:30
cloud-gpu-3,13,13338475035261562111,13378697626047845992,40222590786283881,3546,1,45461273792261,45459047327124,2226465137,1890894718,335570419,335570419,0,0,0,335570419,c680b29ff4f445e88fc7df8f19ee988256c4f218f38a6d3291b8d3b885614086,115d127,2026-08-22 13:42:26
cloud-gpu-3,14,13378697626047845992,13418920216834129873,40222590786283881,3583,1,45461273792258,45459047306020,2226486238,1890969139,335517099,335517099,0,0,0,335517099,116c2cfc9fe191d54f062a57a8c0a87fdfc6a6a8f82e4fb9630af9a360161c30,115d127,2026-08-22 14:44:58
cloud-gpu-3,15,13418920216834129873,13459142807620413754,40222590786283881,3590,1,45461273792240,45459047343014,2226449226,1890938805,335510421,335510421,0,0,0,335510421,95caf9eec2bf88fdf2db5258dc2ceb6cc36aad16d3445a83775dfd4a9145ee26,115d127,2026-08-22 15:47:38
cloud-gpu-3,16,13459142807620413754,13499365398406697635,40222590786283881,3564,1,45461273792270,45459047346770,2226445500,1890947072,335498428,335498428,0,0,0,335498428,cc81988bb754bc87daf60b9317f126eeb612d412e29a436707139799ba00f0f5,115d127,2026-08-22 16:49:52
cloud-gpu-3,17,13499365398406697635,13539587989192981516,40222590786283881,3553,1,45461273792269,45459047349532,2226442737,1890977261,335465476,335465476,0,0,0,335465476,8997bc4b2082dad9e97b188af3a59afb2aa15b23bd9d95a424e5bc7d916236b6,115d127,2026-08-22 17:51:55
cloud-gpu-3,18,13539587989192981516,13579810579979265397,40222590786283881,3564,1,45461273792256,45459047325665,2226466591,1891020319,335446272,335446272,0,0,0,335446272,a88f0fdb38f742aac3f3db26a3229732fceee5ce605bd4aaf3387e1a1f6d2c15,115d127,2026-08-22 18:54:09
cloud-gpu-3,19,13579810579979265397,13620033170765549278,40222590786283881,3554,1,45461273792253,45459047275097,2226517156,1891099207,335417949,335417949,0,0,0,335417949,8c9888f8b7de37e32f4308444c5c0d9f63b75f3f2624c7a39d8be8e6e83d28a2,115d127,2026-08-22 19:56:13
cloud-gpu-3,20,13620033170765549278,13660255761551833159,40222590786283881,3567,1,45461273792258,45459047347255,2226445003,1891074969,335370034,335370034,0,0,0,335370034,ed9c4ad2815ae6f869823e00f7fb378606ff44fc75f52c9c74a11cb91bf3bb96,115d127,2026-08-22 20:58:31
cloud-gpu-3,21,13660255761551833159,13700478352338117040,40222590786283881,3579,1,45461273792262,45459047387431,2226404831,1891058236,335346595,335346595,0,0,0,335346595,7c07f383fb666c1b45e7dfa0aed1aadd2a57a9a1cb298103309868462e79bf3d,115d127,2026-08-22 22:01:00
cloud-gpu-3,22,13700478352338117040,13740700943124400921,40222590786283881,3586,1,45461273792259,45459047271327,2226520932,1891161218,335359714,335359714,0,0,0,335359714,78e9e29474f6e49dd508a16fee0f2a69a70ebad49651e587935ecc58de739887,115d127,2026-08-22 23:03:36
cloud-gpu-3,23,13740700943124400921,13780923533910684802,40222590786283881,3606,1,45461273792258,45459047344915,2226447343,1891100551,335346792,335346792,0,0,0,335346792,423e1ff35447ce5b9f873cbe1bcf2faacb1c5ae458b4cc4be1cab515f091280d,115d127,2026-08-23 00:06:32
cloud-gpu-3,24,13780923533910684802,13821146124696968683,40222590786283881,3611,1,45461273792241,45459047348450,2226443791,1891099953,335343838,335343838,0,0,0,335343838,9a51fc08a1050b114eb9652aad6f4ff391c998cf455e1dd0a4efc1c0fb6d550a,115d127,2026-08-23 01:09:32
cloud-gpu-3,25,13821146124696968683,13861368715483252564,40222590786283881,3576,1,45461273792270,45459047357524,2226434746,1891173933,335260813,335260813,0,0,0,335260813,99cef14e09cb5f95c64d3ffc1c562409b2a39016f86763acaa1189b0eaffad7a,115d127,2026-08-23 02:11:57
cloud-gpu-3,26,13861368715483252564,13901591306269536445,40222590786283881,3544,1,45461273792268,45459047270193,2226522075,1891256356,335265719,335265719,0,0,0,335265719,cd7b3b3d425717a121807acd81bfd4e808cc51e9143f9d9d2d9865053a4c99dd,115d127,2026-08-23 03:13:52
cloud-gpu-3,27,13901591306269536445,13941813897055820326,40222590786283881,3526,1,45461273792255,45459047265672,2226526583,1891244640,335281943,335281943,0,0,0,335281943,718c3c7fbac3fed8d2c9e27a600831a699939fcdaa9a13c4f2f02c8b15b9d723,115d127,2026-08-23 04:15:27
cloud-gpu-3,28,13941813897055820326,13982036487842104207,40222590786283881,3515,1,45461273792255,45459047314156,2226478099,1891259258,335218841,335218841,0,0,0,335218841,a4e6bf6df68c4cc6f111ad47b6d942c79c5cb5ce7e96abbf3ef0d5f307364bf4,115d127,2026-08-23 05:16:51
cloud-gpu-3,29,13982036487842104207,14022259078628388088,40222590786283881,3501,1,45461273792258,45459047301039,2226491219,1891276940,335214279,335214279,0,0,0,335214279,e2fcf870c6584d53efdb1e05f56a6146861c38ab61242c15ee3c6a41f372fbfd,115d127,2026-08-23 06:18:02
cloud-gpu-3,30,14022259078628388088,14062481669414671969,40222590786283881,3507,1,45461273792261,45459047341370,2226450891,1891272007,335178884,335178884,0,0,0,335178884,63fb38f0722e969078230fe2e346bfe20e552ce315aab3a1fcde785aeeb8390e,115d127,2026-08-23 07:19:19
cloud-gpu-3,31,14062481669414671969,14102704260200955850,40222590786283881,3528,1,45461273792260,45459047328071,2226464189,1891305141,335159048,335159048,0,0,0,335159048,8862225f747ac92561003593ee7c0c63d710e4de39d7cde65434fa14fb395e2d,115d127,2026-08-23 08:20:55
cloud-gpu-3,32,14102704260200955850,14142926850987239731,40222590786283881,3543,1,45461273792255,45459047342496,2226449759,1891310354,335139405,335139405,0,0,0,335139405,81538899e9919eee2c67f6599ea3068d538a0f4c3dc5d891ad1f4ef9acde05ea,115d127,2026-08-23 09:22:48
cloud-gpu-3,33,14142926850987239731,14183149441773523612,40222590786283881,3557,1,45461273792248,45459047396515,2226395733,1891310644,335085089,335085089,0,0,0,335085089,b2b0ab5d41cd8483545a0b2e0c7ce0fcdb9c448171c3e1f1413537a4259fd4f0,115d127,2026-08-23 10:24:55
cloud-gpu-3,34,14183149441773523612,14223372032559807493,40222590786283881,3555,1,45461273792264,45459047281697,2226510567,1891405010,335105557,335105557,0,0,0,335105557,28274184d8f711bfc3ca57277ec3565a1bde5d9824d42e61a1e51388187e4b44,115d127,2026-08-23 11:26:59
cloud-gpu-3,35,14223372032559807493,14263594623346091374,40222590786283881,3528,1,45461273792269,45459047307063,2226485206,1891467814,335017392,335017392,0,0,0,335017392,1eb4d43e1a29e0012f9109323a60d3f0d9614cd2547bfc3b5906bfc0d4ae20ed,115d127,2026-08-23 12:28:37
cloud-gpu-3,36,14263594623346091374,14303817214132375255,40222590786283881,3490,1,45461273792254,45459047313685,2226478569,1891420767,335057802,335057802,0,0,0,335057802,a4f85370160836a8f146b467b1db910f58423fac6790a01df7fd76a265094302,115d127,2026-08-23 13:29:37
cloud-gpu-3,37,14303817214132375255,14344039804918659136,40222590786283881,3453,1,45461273792258,45459047347426,2226444832,1891428745,335016087,335016087,0,0,0,335016087,4bc3fb3496bb36a2b08dc189b49f7483f74272794b4a25a0c37bd31de20dd049,115d127,2026-08-23 14:29:59
cloud-gpu-3,38,14344039804918659136,14384262395704943017,40222590786283881,3433,1,45461273792254,45459047282881,2226509373,1891478236,335031137,335031137,0,0,0,335031137,348a33f01bc351f316c59335d65500a04db4745436e2e2bd1663b8d8415e3a13,115d127,2026-08-23 15:30:02
cloud-gpu-3,39,14384262395704943017,14424484986491226898,40222590786283881,3451,1,45461273792262,45459047292583,2226499679,1891521352,334978327,334978327,0,0,0,334978327,e41993c22d3c47ab884613bf23d0fde543ebd4959204e21a09e2af708a7329bc,115d127,2026-08-23 16:30:23
cloud-gpu-3,40,14424484986491226898,14464707577277510779,40222590786283881,3457,1,45461273792262,45459047331146,2226461116,1891501390,334959726,334959726,0,0,0,334959726,550223b69d9e9a90698003c215655e0587b39b3b871183f45d0e0fedff2ff647,115d127,2026-08-23 17:30:50
cloud-gpu-3,41,14464707577277510779,14504930168063794660,40222590786283881,3457,1,45461273792256,45459047368070,2226424186,1891512918,334911268,334911268,0,0,0,334911268,73dfc7419b1161b100b24cd203af588e494d75dd74a9cc2c5a84c897b9a3bcce,115d127,2026-08-23 18:31:17
cloud-gpu-3,42,14504930168063794660,14545152758850078541,40222590786283881,3457,1,45461273792246,45459047276131,2226516115,1891583120,334932995,334932995,0,0,0,334932995,7b9f8963af0a9e2d17f5238956d3c86ba2806973aa11fd5c7f5601355a0c2ffa,115d127,2026-08-23 19:31:44
cloud-gpu-3,43,14545152758850078541,14585375349636362422,40222590786283881,3434,1,45461273792263,45459047340013,2226452250,1891558054,334894196,334894196,0,0,0,334894196,07f504d3344972bb0def49c913d94c8830d583daa6789cfded8fa27fb0d9b485,115d127,2026-08-23 20:31:47
cloud-gpu-3,44,14585375349636362422,14625597940422646303,40222590786283881,3415,1,45461273792267,45459047289696,2226502571,1891588550,334914021,334914021,0,0,0,334914021,c96cf37a4765b2a500036822c6030543e4e7da4d593c3003c0d1edeadf8b3d58,115d127,2026-08-23 21:31:32
cloud-gpu-3,45,14625597940422646303,14665820531208930184,40222590786283881,3381,1,45461273792259,45459047350680,2226441579,1891566590,334874989,334874989,0,0,0,334874989,5fbcb96c5dccaa2112404e28625b37b47be239ed7ca0035f6d49f7e983425d9d,115d127,2026-08-23 22:30:42
cloud-gpu-3,46,14665820531208930184,14706043121995214065,40222590786283881,3340,1,45461273792256,45459047302502,2226489754,1891639288,334850466,334850466,0,0,0,334850466,9b7bff0703a0c9c9aa8642ae37f2d7ff6d46a974abb47dd9b1c63b7fa5caa7c3,115d127,2026-08-23 23:29:12
cloud-gpu-3,47,14706043121995214065,14746265712781497946,40222590786283881,3285,1,45461273792255,45459047352368,2226439887,1891633337,334806550,334806550,0,0,0,334806550,9e78788b6344b078e8486ca7279da2e9ebaea21f0c4667cef96cee01222ca361,115d127,2026-08-24 00:26:48
cloud-gpu-3,48,14746265712781497946,14786488303567781827,40222590786283881,3204,1,45461273792258,45459047399964,2226392294,1891638223,334754071,334754071,0,0,0,334754071,542ad070dd1032edd13e2a7a98eca29c734a120be7dce01e0e16d0d323d558a9,115d127,2026-08-24 01:23:02
cloud-gpu-3,49,14786488303567781827,14826710894354065708,40222590786283881,3284,1,45461273792264,45459047319681,2226472583,1891668160,334804423,334804423,0,0,0,334804423,4d94ba22c0ed867bc4612533094e71b584709bf3ad667c2fb2bd44196646956f,115d127,2026-08-24 02:20:36
cloud-gpu-3,50,14826710894354065708,14866933485140349589,40222590786283881,3343,1,45461273792250,45459047362872,2226429378,1891663025,334766353,334766353,0,0,0,334766353,d62675a7ba953c8bd3898f0ce3f71cca7b55f7052e2e3554dbe6c19e8f31a71a,115d127,2026-08-24 03:19:09
cloud-gpu-3,51,14866933485140349589,14907156075926633470,40222590786283881,3374,1,45461273792253,45459047266956,2226525297,1891766080,334759217,334759217,0,0,0,334759217,cb5d9fa55763912da61b42f78a6a40f9c71362957659d6b4a3069e706e27c1e1,115d127,2026-08-24 04:18:14
cloud-gpu-3,52,14907156075926633470,14947378666712917351,40222590786283881,3396,1,45461273792262,45459047346316,2226445946,1891735090,334710856,334710856,0,0,0,334710856,5950f0c9c1d8046801f0b8e3995c020726ff051de36da251f279daa7d69d6660,115d127,2026-08-24 05:17:39
cloud-gpu-3,53,14947378666712917351,14987601257499201232,40222590786283881,3414,1,45461273792269,45459047258328,2226533941,1891843928,334690013,334690013,0,0,0,334690013,55648154821a8e6442e602c98f0c1d8e55ae0ff2ba320a5a5dc2116fa0cfdac6,115d127,2026-08-24 06:17:22
cloud-gpu-3,54,14987601257499201232,15027823848285485113,40222590786283881,3424,1,45461273792257,45459047309217,2226483040,1891805653,334677387,334677387,0,0,0,334677387,416424fa27f24aadd0f2e1fb1a15f4617775f7f7893ad03258b488e941d03ba6,115d127,2026-08-24 07:17:15
cloud-gpu-3,55,15027823848285485113,15068046439071768994,40222590786283881,3433,1,45461273792254,45459047362471,2226429783,1891803260,334626523,334626523,0,0,0,334626523,5cd4e3fc4503cb6e5799241fc117ede1309f8444a21dc5deff8af7dd57bd5f36,115d127,2026-08-24 08:17:18
cloud-gpu-3,56,15068046439071768994,15108269029858052875,40222590786283881,3437,1,45461273792257,45459047283267,2226508990,1891860378,334648612,334648612,0,0,0,334648612,38c7a36718603314a2462a00ec4ca6602077b5cdd24993f3d96f5a21c747cdf4,115d127,2026-08-24 09:17:25
cloud-gpu-3,57,15108269029858052875,15148491620644336756,40222590786283881,3432,1,45461273792261,45459047314514,2226477747,1891853864,334623883,334623883,0,0,0,334623883,30fe80a8173350fe06cd748fba596be241a4e895fbb4149a05b6eded895864d7,115d127,2026-08-24 10:17:27
cloud-gpu-3,58,15148491620644336756,15188714211430620637,40222590786283881,3413,1,45461273792265,45459047330870,2226461395,1891868569,334592826,334592826,0,0,0,334592826,92d28448c0cdb27e6a9f0915215c11258cb75258f16fdaf7f011aba542560bc3,115d127,2026-08-24 11:17:08
cloud-gpu-3,59,15188714211430620637,15228936802216904518,40222590786283881,3427,1,45461273792244,45459047336531,2226455713,1891846438,334609275,334609275,0,0,0,334609275,d4db6f280198685c5c2d1fe157568454aa0c8b9529b153c84c937320799aa0ae,115d127,2026-08-24 12:17:04
cloud-gpu-3,60,15228936802216904518,15269159393003188399,40222590786283881,3450,1,45461273792257,45459047345527,2226446730,1891906799,334539931,334539931,0,0,0,334539931,fd859ffc389dc87658c5546f9388bc16444b15bea60f03027f2321412cf363f1,115d127,2026-08-24 13:17:23
cloud-gpu-3,61,15269159393003188399,15309381983789472280,40222590786283881,3503,1,45461273792263,45459047395700,2226396563,1891885276,334511287,334511287,0,0,0,334511287,b6f08cb7ee01fa4d80056c231c2b520a28f1931c1cbb4aaae6cfdcb86a516081,115d127,2026-08-24 14:18:35
cloud-gpu-3,62,15309381983789472280,15349604574575756161,40222590786283881,3528,1,45461273792269,45459047261757,2226530512,1891975161,334555351,334555351,0,0,0,334555351,0993f27fb7126309b1554edd92bddf7b338d1e68e5b3cc761769a20179acaf53,115d127,2026-08-24 15:20:12
cloud-gpu-3,63,15349604574575756161,15389827165362040042,40222590786283881,3558,1,45461273792254,45459047316843,2226475411,1891986928,334488483,334488483,0,0,0,334488483,f27b03c9cbce0ba5838c91665f4234870104fa6d26c352b1e8b97888caa38a42,115d127,2026-08-24 16:22:20
cloud-gpu-3,64,15389827165362040042,15430049756148323923,40222590786283881,3565,1,45461273792259,45459047375191,2226417068,1891959063,334458005,334458005,0,0,0,334458005,51e8b358624c239f539c683406f28e867cfd69a98c002024b5791aa62f9d7dc4,115d127,2026-08-24 17:24:34
cloud-gpu-3,65,15430049756148323923,15470272346934607804,40222590786283881,3550,1,45461273792252,45459047217675,2226574577,1892100637,334473940,334473940,0,0,0,334473940,9dc29c7659c910cdbd48085373bda68c98b38f39a52ec637df8b04d5f751c813,115d127,2026-08-24 18:26:33
cloud-gpu-3,66,15470272346934607804,15510494937720891685,40222590786283881,3558,1,45461273792263,45459047345564,2226446699,1892027955,334418744,334418744,0,0,0,334418744,bce35543bec278b753953292cbfe94f0725b4fa6a52b5daeae254b5cfb5ecb55,115d127,2026-08-24 19:28:41
cloud-gpu-3,67,15510494937720891685,15550717528507175566,40222590786283881,3541,1,45461273792263,45459047334802,2226457461,1892038524,334418937,334418937,0,0,0,334418937,1ae306b538628954569fa177abcaca096b887999e98102fa8631888f963ba788,115d127,2026-08-24 20:30:31
cloud-gpu-3,68,15550717528507175566,15590940119293459447,40222590786283881,3526,1,45461273792249,45459047330107,2226462142,1892072256,334389886,334389886,0,0,0,334389886,e8fcb89238d8431cf04075cdfcfeb83c864e9b943a53e0e633e1f2073a0cc277,115d127,2026-08-24 21:32:07
cloud-gpu-3,69,15590940119293459447,15631162710079743316,40222590786283869,3548,1,45461273792255,45459047294575,2226497680,1892108621,334389059,334389059,0,0,0,334389059,de0a3e0a3050e0b21e10b9119a1602c4ae6340c2def59545568a5d487178b204,115d127,2026-08-24 22:34:03
cloud-gpu-4,0,15631162710079743316,15671385300866027197,40222590786283881,3537,1,45461273792262,45459047274544,2226517718,1892160822,334356896,334356896,0,0,0,334356896,f527a213398f5d5a291ae6efb93daca0b618bda9b80813798423d3385330e0c3,115d127,2026-08-22 00:27:34
cloud-gpu-4,1,15671385300866027197,15711607891652311078,40222590786283881,3544,1,45461273792264,45459047331079,2226461185,1892109999,334351186,334351186,0,0,0,334351186,2b5b7fa52022f9d263be250e0e9cae180707e02c234327c345c051bc2e20e525,115d127,2026-08-22 01:29:27
cloud-gpu-4,2,15711607891652311078,15751830482438594959,40222590786283881,3550,1,45461273792257,45459047423119,2226369138,1892057528,334311610,334311610,0,0,0,334311610,fd243c2c30868aed1e8ace372208e64cf9e0de022b4e9b22bc897b6626816912,115d127,2026-08-22 02:31:26
cloud-gpu-4,3,15751830482438594959,15792053073224878840,40222590786283881,3562,1,45461273792260,45459047331894,2226460366,1892185992,334274374,334274374,0,0,0,334274374,bf65913d1cee43e93e72c1a9e72aff6463c150a314944d1e3a2566291f59d8a0,115d127,2026-08-22 03:33:37
cloud-gpu-4,4,15792053073224878840,15832275664011162721,40222590786283881,3617,1,45461273792249,45459047347148,2226445101,1892147167,334297934,334297934,0,0,0,334297934,fdbbcdfc882f2fa11f6b6826d2b9b03bca08672a0474ced387422c1bb7ccea05,115d127,2026-08-22 04:36:42
cloud-gpu-4,5,15832275664011162721,15872498254797446602,40222590786283881,3639,1,45461273792266,45459047411302,2226380964,1892137499,334243465,334243465,0,0,0,334243465,cd6aa4a966ff2728f39caa4710ba89cfc48372d038015320a7e1c72b4d115849,115d127,2026-08-22 05:40:11
cloud-gpu-4,6,15872498254797446602,15912720845583730483,40222590786283881,3645,1,45461273792261,45459047373039,2226419222,1892160005,334259217,334259217,0,0,0,334259217,85dd5caaaa26859f142fcafff925df03d2948d006717d070d0f0eec500c0fdc3,115d127,2026-08-22 06:43:45
cloud-gpu-4,7,15912720845583730483,15952943436370014364,40222590786283881,3632,1,45461273792249,45459047257411,2226534838,1892305700,334229138,334229138,0,0,0,334229138,2ce12521c2a60c740506bff926a0e3b15a29b1335d39bd0dea1b07fd0b2cc13f,115d127,2026-08-22 07:47:06
cloud-gpu-4,8,15952943436370014364,15993166027156298245,40222590786283881,3629,1,45461273792258,45459047293494,2226498764,1892255370,334243394,334243394,0,0,0,334243394,6d74bfb755548c0d060c09272a01b74f6c02494a7d26aaecf584bea2e3bcc212,115d127,2026-08-22 08:50:24
cloud-gpu-4,9,15993166027156298245,16033388617942582126,40222590786283881,3620,1,45461273792260,45459047365166,2226427094,1892290471,334136623,334136623,0,0,0,334136623,d475007dc7d3ceb96bd153d95a377bf60c8b50a2031e0a4828097e63ef3b9659,115d127,2026-08-22 09:53:33
cloud-gpu-4,10,16033388617942582126,16073611208728866007,40222590786283881,3615,1,45461273792268,45459047333046,2226459222,1892280040,334179182,334179182,0,0,0,334179182,c6b659f158cbb59a910591944f157d130c19708db39845a63a045dc869052e40,115d127,2026-08-22 10:56:37
cloud-gpu-4,11,16073611208728866007,16113833799515149888,40222590786283881,3611,1,45461273792253,45459047392238,2226400015,1892256971,334143044,334143044,0,0,0,334143044,6ecb67d4d0190b34da7ac8902bc80b3a8182b0641937dfe00e9d4aa228975b3f,115d127,2026-08-22 11:59:37
cloud-gpu-4,12,16113833799515149888,16154056390301433769,40222590786283881,3605,1,45461273792258,45459047281684,2226510574,1892375764,334134810,334134810,0,0,0,334134810,40a788f47aa5f40c56acf5b1df8731647291e50e71234f522cd66b534cafd72a,115d127,2026-08-22 13:02:31
cloud-gpu-4,13,16154056390301433769,16194278981087717650,40222590786283881,3610,1,45461273792252,45459047338103,2226454149,1892332814,334121335,334121335,0,0,0,334121335,35032212797b3ae8fc7bdbe099fafba6b2a13e68ec620ed1c0bf88b6399b5580,115d127,2026-08-22 14:05:31
cloud-gpu-4,14,16194278981087717650,16234501571874001531,40222590786283881,3608,1,45461273792267,45459047305436,2226486831,1892411049,334075782,334075782,0,0,0,334075782,cf5cc1e230ead15b81e1536ed05603e56dff9e0d4245ce21dd91b7af53ad95a6,115d127,2026-08-22 15:08:28
cloud-gpu-4,15,16234501571874001531,16274724162660285412,40222590786283881,3622,1,45461273792260,45459047338398,2226453862,1892372701,334081161,334081161,0,0,0,334081161,8e3812bf4ef0756c3525213afc0d926e948b17ba16963a296405d7567dfbb45c,115d127,2026-08-22 16:11:39
cloud-gpu-4,16,16274724162660285412,16314946753446569293,40222590786283881,3647,1,45461273792250,45459047287746,2226504504,1892426087,334078417,334078417,0,0,0,334078417,4df6535a6b77633e982338d1b5c5379103992849ab0d2460521bca83a1e208fc,115d127,2026-08-22 17:15:16
cloud-gpu-4,17,16314946753446569293,16355169344232853174,40222590786283881,3668,1,45461273792257,45459047268533,2226523724,1892484429,334039295,334039295,0,0,0,334039295,ad7e40e5213ac4c43229910a537974db99eca668923d4840a8ef8f76efe5ffc3,115d127,2026-08-22 18:19:14
cloud-gpu-4,18,16355169344232853174,16395391935019137055,40222590786283881,3686,1,45461273792260,45459047365262,2226426998,1892378170,334048828,334048828,0,0,0,334048828,774438a839c4608140109c89da2b8ef20227ef6377c41a1f5a6d89cd47db3b9a,115d127,2026-08-22 19:23:28
cloud-gpu-4,19,16395391935019137055,16435614525805420936,40222590786283881,3677,1,45461273792268,45459047307473,2226484795,1892469120,334015675,334015675,0,0,0,334015675,e95928411d84bcc497cb37580aab30bba7152dea31b0d22cc56fa0dbe3c01197,115d127,2026-08-22 20:27:33
cloud-gpu-4,20,16435614525805420936,16475837116591704817,40222590786283881,3666,1,45461273792256,45459047333560,2226458696,1892473266,333985430,333985430,0,0,0,333985430,a65c1e55b2dc7f7088da2fca7ad32443583f17000bbfa7eddc05eeaaa79e7af0,115d127,2026-08-22 21:31:27
cloud-gpu-4,21,16475837116591704817,16516059707377988698,40222590786283881,3647,1,45461273792258,45459047365232,2226427026,1892479323,333947703,333947703,0,0,0,333947703,e781f6864e11e1a23b0ab759089fc1fe5354707e49573be906ab3d5d69c385de,115d127,2026-08-22 22:35:04
cloud-gpu-4,22,16516059707377988698,16556282298164272579,40222590786283881,3634,1,45461273792247,45459047280595,2226511652,1892551778,333959874,333959874,0,0,0,333959874,046bce9f2364e2cedb7421779b3c87b7822b488f7d4d3c10fb28b4f494778ae4,115d127,2026-08-22 23:38:27
cloud-gpu-4,23,16556282298164272579,16596504888950556460,40222590786283881,3632,1,45461273792271,45459047353172,2226439099,1892513721,333925378,333925378,0,0,0,333925378,78b0193a179b750da4e6384010c014dc7a22371d81d6db12475ae804f6e57204,115d127,2026-08-23 00:41:48
cloud-gpu-4,24,16596504888950556460,16636727479736840341,40222590786283881,3641,1,45461273792256,45459047268215,2226524041,1892587221,333936820,333936820,0,0,0,333936820,3b87a7295a10d62e346af4a48fa24e480a59cd78efc2526ad1aed55a6745998d,115d127,2026-08-23 01:45:18
cloud-gpu-4,25,16636727479736840341,16676950070523124222,40222590786283881,3648,1,45461273792253,45459047437386,2226354867,1892476342,333878525,333878525,0,0,0,333878525,337afa20910d81063b546568284fdcae28851046b5540722cade445304f28a5d,115d127,2026-08-23 02:48:55
cloud-gpu-4,26,16676950070523124222,16717172661309408103,40222590786283881,3637,1,45461273792255,45459047370520,2226421735,1892546236,333875499,333875499,0,0,0,333875499,575f91427ac3eec22ca207ddb8e1f493fef4c78d5bad8b95b85fc232591244c5,115d127,2026-08-23 03:52:21
cloud-gpu-4,27,16717172661309408103,16757395252095691984,40222590786283881,3645,1,45461273792262,45459047425529,2226366733,1892528341,333838392,333838392,0,0,0,333838392,80f557d0a67e6b30776ce4442ce20434b6a6498cc897f2bd6ad9d2d426458357,115d127,2026-08-23 04:55:55
cloud-gpu-4,28,16757395252095691984,16797617842881975865,40222590786283881,3666,1,45461273792265,45459047394753,2226397512,1892569737,333827775,333827775,0,0,0,333827775,d99bb315a437f378d8ff576a82ef924c2b95bcc1759e17ede9dbbb98d8eaafa8,115d127,2026-08-23 05:59:49
cloud-gpu-4,29,16797617842881975865,16837840433668259746,40222590786283881,3670,1,45461273792256,45459047298908,2226493348,1892665006,333828342,333828342,0,0,0,333828342,3d340169268df335b5c8d9e4faf1216955e6160ddb3cbfe4afe4ab1a9284554b,115d127,2026-08-23 07:03:48
cloud-gpu-4,30,16837840433668259746,16878063024454543627,40222590786283881,3679,1,45461273792259,45459047357841,2226434418,1892648973,333785445,333785445,0,0,0,333785445,f15094e6d452aa0c7e537414aef893392ba769c735663a1b3a53f79249b0c21b,115d127,2026-08-23 08:07:56
cloud-gpu-4,31,16878063024454543627,16918285615240827508,40222590786283881,3690,1,45461273792250,45459047332949,2226459301,1892678981,333780320,333780320,0,0,0,333780320,44f864f3fc6a4dd8e93d78c87eda6e09d7b8ddb7faf8a84a48dac79866b8192c,115d127,2026-08-23 09:12:15
cloud-gpu-4,32,16918285615240827508,16958508206027111389,40222590786283881,3710,1,45461273792266,45459047382765,2226409501,1892658630,333750871,333750871,0,0,0,333750871,220cead8fef69b71537f1779c215aadb0ef5bf9f0a0ccb271af92758006adcec,115d127,2026-08-23 10:16:53
cloud-gpu-4,33,16958508206027111389,16998730796813395270,40222590786283881,3723,1,45461273792258,45459047272047,2226520211,1892718074,333802137,333802137,0,0,0,333802137,3e136fa47c09722c14a88f2078eed502e2b8909213307c0b8d9b08d15e933b5d,115d127,2026-08-23 11:21:45
cloud-gpu-4,34,16998730796813395270,17038953387599679151,40222590786283881,3710,1,45461273792254,45459047320728,2226471526,1892721545,333749981,333749981,0,0,0,333749981,33097ce09f9f1eacdbf7b861973a01c06fa83e06d016a6a0ed37c837b31e6611,115d127,2026-08-23 12:26:24
cloud-gpu-4,35,17038953387599679151,17079175978385963032,40222590786283881,3663,1,45461273792258,45459047324593,2226467665,1892735909,333731756,333731756,0,0,0,333731756,e4250be15c34f7d26689805a4a92fd9b8999c1999e922f975a3cf661456b82d6,115d127,2026-08-23 13:30:16
cloud-gpu-4,36,17079175978385963032,17119398569172246913,40222590786283881,3646,1,45461273792257,45459047405930,2226386327,1892698578,333687749,333687749,0,0,0,333687749,01e862f9a5d081b5cc4eeae2843ed26db8a8b2a2b1d061e45b905fd1b46fbeef,115d127,2026-08-23 14:33:51
cloud-gpu-4,37,17119398569172246913,17159621159958530794,40222590786283881,3640,1,45461273792267,45459047421430,2226370837,1892709504,333661333,333661333,0,0,0,333661333,fc64767034e816a8423769f45a914e42a79e5891939ef8c280fe3a85ea662438,115d127,2026-08-23 15:37:20
cloud-gpu-4,38,17159621159958530794,17199843750744814675,40222590786283881,3642,1,45461273792249,45459047368244,2226424005,1892771874,333652131,333652131,0,0,0,333652131,edb2f6c70963f2eeb872a0db09d634516f33e11b529d7a4a1aefb6cef22efa91,115d127,2026-08-23 16:40:51
cloud-gpu-4,39,17199843750744814675,17240066341531098556,40222590786283881,3632,1,45461273792264,45459047478239,2226314025,1892654350,333659675,333659675,0,0,0,333659675,12a8ab2d8d83d02e13cd8af122f153244d6a15eed56d66428e85ae23f38fd27e,115d127,2026-08-23 17:44:11
cloud-gpu-4,40,17240066341531098556,17280288932317382437,40222590786283881,3627,1,45461273792250,45459047317496,2226474754,1892825759,333648995,333648995,0,0,0,333648995,47683f86247edacbc105cbd8cb649101bced2e4e51c256b6c16c7165c72ead21,115d127,2026-08-23 18:47:27
cloud-gpu-4,41,17280288932317382437,17320511523103666318,40222590786283881,3616,1,45461273792268,45459047362394,2226429874,1892825549,333604325,333604325,0,0,0,333604325,03c1cb4ac7521a146234e4eb5ba76c0f9ebca3cedb95e7973d5e728babb615b8,115d127,2026-08-23 19:50:32
cloud-gpu-4,42,17320511523103666318,17360734113889950199,40222590786283881,3635,1,45461273792256,45459047372792,2226419464,1892819833,333599631,333599631,0,0,0,333599631,525b12c628886b74876b62f2147f4b174ad5d127e96ff9fc45a965c67e31201f,115d127,2026-08-23 20:53:56
cloud-gpu-4,43,17360734113889950199,17400956704676234080,40222590786283881,3637,1,45461273792254,45459047375927,2226416327,1892835173,333581154,333581154,0,0,0,333581154,028b732f4e6eac8c46020a6d3d38e56381d84b098d6565bb3077da31fdae275a,115d127,2026-08-23 21:57:21
cloud-gpu-4,44,17400956704676234080,17441179295462517961,40222590786283881,3652,1,45461273792261,45459047403264,2226388997,1892850691,333538306,333538306,0,0,0,333538306,12ef8a7874aebaf3d93efbe1ef453797caab591d5fd8254b9751973d266ab8dc,115d127,2026-08-23 23:01:02
cloud-gpu-4,45,17441179295462517961,17481401886248801842,40222590786283881,3655,1,45461273792257,45459047423717,2226368540,1892858749,333509791,333509791,0,0,0,333509791,50eea2ddf0902072e95c464dd5c283c9f9e7a50107b14c4c5791ed82fe7bdd66,115d127,2026-08-24 00:04:45
cloud-gpu-4,46,17481401886248801842,17521624477035085723,40222590786283881,3666,1,45461273792268,45459047419920,2226372348,1892836591,333535757,333535757,0,0,0,333535757,76c1c0458219c849879f359c48cf13432a9ce79b403b639e7af0d4b52dd5cd69,115d127,2026-08-24 01:08:40
cloud-gpu-4,47,17521624477035085723,17561847067821369604,40222590786283881,3664,1,45461273792250,45459047357884,2226434366,1892957469,333476897,333476897,0,0,0,333476897,4d4d41ad5b8b69d9ecd722483c9164899c5e2d6a9bc3ac2b47acc4cf6d817f92,115d127,2026-08-24 02:12:33
cloud-gpu-4,48,17561847067821369604,17602069658607653485,40222590786283881,3664,1,45461273792263,45459047363744,2226428519,1892962956,333465563,333465563,0,0,0,333465563,d2069c6e07a9c79e2d9209475540c86a672563b9679d928a60c06c29fbbf5b26,115d127,2026-08-24 03:16:26
cloud-gpu-4,49,17602069658607653485,17642292249393937366,40222590786283881,3643,1,45461273792245,45459047361356,2226430889,1892977179,333453710,333453710,0,0,0,333453710,cd599018147b0cc5a0837b9c5d310d8f08bb8be85333fce98eead3af155bd7e8,115d127,2026-08-24 04:19:58
cloud-gpu-4,50,17642292249393937366,17682514840180221247,40222590786283881,3631,1,45461273792273,45459047350099,2226442174,1892990993,333451181,333451181,0,0,0,333451181,39ed2c71ae6033f85fd9d472a1f39f7f6ffbe6e73089e170808210440114d8da,115d127,2026-08-24 05:23:18
cloud-gpu-4,51,17682514840180221247,17722737430966505128,40222590786283881,3610,1,45461273792255,45459047361323,2226430932,1892988327,333442605,333442605,0,0,0,333442605,c4a2bbe9e54023947f42f1f39f726420a4e26734c96044e0522bde8d5cfa0bfb,115d127,2026-08-24 06:26:16
cloud-gpu-4,52,17722737430966505128,17762960021752789009,40222590786283881,3567,1,45461273792254,45459047297665,2226494589,1893085241,333409348,333409348,0,0,0,333409348,3c1c501ee24cd8c92658a8028d9f0bd8b6411a7266f5c9f23564dd31fa3070fa,115d127,2026-08-24 07:28:31
cloud-gpu-4,53,17762960021752789009,17803182612539072890,40222590786283881,3555,1,45461273792258,45459047376153,2226416105,1893040989,333375116,333375116,0,0,0,333375116,f5af3880dfc113882d7cc66f50ca16c9769a1d588d77577107bff7600a9585d4,115d127,2026-08-24 08:30:35
cloud-gpu-4,54,17803182612539072890,17843405203325356771,40222590786283881,3533,1,45461273792262,45459047408098,2226384164,1893009170,333374994,333374994,0,0,0,333374994,c08735531b07851f4b82656ef923a3338bbff1778aab33bf8cef101763cd2bb6,115d127,2026-08-24 09:32:17
cloud-gpu-4,55,17843405203325356771,17883627794111640652,40222590786283881,3541,1,45461273792265,45459047361665,2226430600,1893086676,333343924,333343924,0,0,0,333343924,75720acffc2737960bc6181dfd907a1800deb8cf18fec499a555ff1f9697cf24,115d127,2026-08-24 10:34:06
cloud-gpu-4,56,17883627794111640652,17923850384897924533,40222590786283881,3558,1,45461273792251,45459047409630,2226382621,1893017339,333365282,333365282,0,0,0,333365282,d0bfbe7aaa1612251496631536896b09ad341b88c76c7085e73910df4f7be4d2,115d127,2026-08-24 11:36:13
cloud-gpu-4,57,17923850384897924533,17964072975684208414,40222590786283881,3573,1,45461273792261,45459047372580,2226419681,1893071367,333348314,333348314,0,0,0,333348314,5acf5791ad7d2226572c1e523b1a35f00918430c14020ca45a49b81dfacc023d,115d127,2026-08-24 12:38:36
cloud-gpu-4,58,17964072975684208414,18004295566470492295,40222590786283881,3568,1,45461273792251,45459047463649,2226328602,1893012700,333315902,333315902,0,0,0,333315902,eb558ee5eb31ef5cb2dc37dd2b104ede03bdc89b90da961b3e5b522847aab54b,115d127,2026-08-24 13:40:52
cloud-gpu-4,59,18004295566470492295,18044518157256776176,40222590786283881,3572,1,45461273792266,45459047387320,2226404946,1893107988,333296958,333296958,0,0,0,333296958,57d80d52afb12c1c1041c8e761050d66d7948eeba7398752980debfd277a9dc2,115d127,2026-08-24 14:43:13
cloud-gpu-4,60,18044518157256776176,18084740748043060057,40222590786283881,3565,1,45461273792260,45459047405846,2226386414,1893099483,333286931,333286931,0,0,0,333286931,3bce0a085ad1d780933eafcff2439f0cfa3887c9fcbaf84edb13da850a0b889d,115d127,2026-08-24 15:45:27
cloud-gpu-4,61,18084740748043060057,18124963338829343938,40222590786283881,3565,1,45461273792247,45459047416778,2226375469,1893126902,333248567,333248567,0,0,0,333248567,d2cc6ddacd3d2b23966c85fa438e0ac36c88b872091483085be3783c1e768a51,115d127,2026-08-24 16:47:40
cloud-gpu-4,62,18124963338829343938,18165185929615627819,40222590786283881,3533,1,45461273792263,45459047392771,2226399492,1893167754,333231738,333231738,0,0,0,333231738,0ea585b231d221ecaf8ae2ca6922bc1cd279cb26deeb77b2176b7bc322c16936,115d127,2026-08-24 17:49:22
cloud-gpu-4,63,18165185929615627819,18205408520401911700,40222590786283881,3521,1,45461273792263,45459047401564,2226390699,1893183492,333207207,333207207,0,0,0,333207207,45fae61dc84c123b641c4b7d098c182b61c6f78b8615b4a2d9b9a4d4567a149c,115d127,2026-08-24 18:50:51
cloud-gpu-4,64,18205408520401911700,18245631111188195581,40222590786283881,3513,1,45461273792263,45459047327100,2226465163,1893237549,333227614,333227614,0,0,0,333227614,140aadbb9618a9ecc474eb62e3c74997d31e6312a6847629b0044c234f355994,115d127,2026-08-24 19:52:13
cloud-gpu-4,65,18245631111188195581,18285853701974479462,40222590786283881,3493,1,45461273792250,45459047365463,2226426787,1893239895,333186892,333186892,0,0,0,333186892,2782fbe80c613439743b8e003b2e0742180ef713baac3f7cccad7909649a624e,115d127,2026-08-24 20:53:14
cloud-gpu-4,66,18285853701974479462,18326076292760763343,40222590786283881,3470,1,45461273792259,45459047429464,2226362795,1893188589,333174206,333174206,0,0,0,333174206,fbabe8dc850b742a24950bb29ac6ac72128808acba0909a52c136a8f79a9be45,115d127,2026-08-24 21:53:53
cloud-gpu-4,67,18326076292760763343,18366298883547047224,40222590786283881,3430,1,45461273792254,45459047358249,2226434005,1893279740,333154265,333154265,0,0,0,333154265,98f9e08e51a4fd391d512dd93291eefe1294b908b5cc62a67deedbcd1721093a,115d127,2026-08-24 22:53:52
cloud-gpu-4,68,18366298883547047224,18406521474333331105,40222590786283881,3402,1,45461273792268,45459047388554,2226403714,1893232877,333170837,333170837,0,0,0,333170837,21b8749bc280d019da47c66912ef653c8124b5c24503838faeac12ce2b95a2ee,115d127,2026-08-24 23:53:23
cloud-gpu-4,69,18406521474333331105,18446744065119614976,40222590786283871,3344,1,45461273792257,45459047413387,2226378870,1893252278,333126592,333126592,0,0,0,333126592,118f4e9ee7a712c6fe5cc138521c12c58261f3b22df7f0035ee5045b3603296e,115d127,2026-08-25 00:51:57
